Symbol,Description,Quantity,Price,price_change_dollar,price_change_percent,market_value,day_change_dollar,day_change_percent,cost_bases,gain_or_loss_dollat,gain_or_loss_percent,rating,divident_reinvestment,is_capital_gain,percent_of_account,expiration_date,cost_per_share,last_earnings_date,dividend_yield,last_dividend,ex_dividend_date,pe_ratio,annual_week_low,annual_week_high,volume,intrinsic_value,in_the_money,security_type,margin_requirement
AAPL,Apple Inc,100,336.67,,,33667.00,,,30826.00,2841.00,9.22,,,,,,308.26,,,,,,,,,,,Equity,
AMD,Advanced Micro Devices,100,645.86,,,64586.00,,,46956.00,17630.00,37.55,,,,,,469.56,,,,,,,,,,,Equity,
SPY 10/16/2026 750 P,SPY Oct 750 Put,-4,0.46,,,-184.00,,,360.00,176.00,48.89,,,,,,0.90,,,,,,,,,,No,Option,
SPY 10/16/2026 745 P,SPY Oct 745 Put,4,0.23,,,92.00,,,200.00,-108.00,-54.00,,,,,,0.50,,,,,,,,,,No,Option,
QQQ 10/16/2026 730 P,QQQ Oct 730 Put,-4,0.84,,,-336.00,,,552.00,216.00,39.13,,,,,,1.38,,,,,,,,,,No,Option,
QQQ 10/16/2026 725 P,QQQ Oct 725 Put,4,0.48,,,192.00,,,344.00,-152.00,-44.19,,,,,,0.86,,,,,,,,,,No,Option,
MSFT 10/16/2026 550 C,MSFT Oct 550 Call,-3,1.40,,,-420.00,,,363.00,-57.00,-15.70,,,,,,1.21,,,,,,,,,,No,Option,
MSFT 10/16/2026 555 C,MSFT Oct 555 Call,3,0.83,,,249.00,,,222.00,27.00,12.16,,,,,,0.74,,,,,,,,,,No,Option,
NVDA 10/16/2026 225 P,NVDA Oct 225 Put,-3,1.14,,,-342.00,,,375.00,33.00,8.80,,,,,,1.25,,,,,,,,,,No,Option,
NVDA 10/16/2026 220 P,NVDA Oct 220 Put,3,0.50,,,150.00,,,180.00,-30.00,-16.67,,,,,,0.60,,,,,,,,,,No,Option,
AAPL 10/16/2026 360 C,AAPL Oct 360 Call,-1,0.21,,,-21.00,,,30.00,9.00,30.00,,,,,,0.30,,,,,,,,,,No,Option,
AMD 10/16/2026 700 C,AMD Oct 700 Call,-1,5.62,,,-562.00,,,470.00,-92.00,-19.57,,,,,,4.70,,,,,,,,,,No,Option,
